,ID,niveau_scolaire,type_texte,session,redacteur,debut_burst,duree_burst,duree_pause,duree_cycle,pct_burst,pct_pause,longueur_burst,burst,startPos,endPos,docLength,categ,cluster
1,P01C6E2,C6,expositif,0.0,1.0,150.572,0.734,5.21,5.944,0.123485868,0.876514132,2.0,s ,13.0,14.0,14.0,RB,1
2,P01C6E2,C6,expositif,0.0,1.0,158.419,2.2,7.113,9.313,0.236228927,0.763771073,12.0,que la vipol,14.0,26.0,26.0,P,1
6,P01C6E2,C6,expositif,0.0,1.0,180.743,1.856,2.137,3.993,0.464813423,0.535186577,10.0,ça aakzkzk,61.0,71.0,71.0,P,1
10,P01C6E2,C6,expositif,0.0,1.0,203.644,0.686,7.816,8.502,0.080686897,0.919313103,3.0, ma,35.0,38.0,87.0,R,1
18,P01C6E2,C6,expositif,0.0,1.0,244.407,3.448,7.816,11.264,0.306107955,0.693892045,15.0,ne sert a rien ,94.0,109.0,109.0,P,1
19,P01C6E2,C6,expositif,0.0,1.0,249.867,3.713,2.012,5.725,0.648558952,0.351441048,16.0,et puis en plus ,109.0,125.0,125.0,P,1
20,P01C6E2,C6,expositif,0.0,1.0,255.764,0.281,2.184,2.465,0.113995943,0.886004057,2.0,çà,125.0,72.0,127.0,P,1
21,P01C6E2,C6,expositif,0.0,1.0,260.881,0.67,4.836,5.506,0.121685434,0.878314566,1.0,à,72.0,127.0,127.0,R,1
22,P01C6E2,C6,expositif,0.0,1.0,265.342,2.917,3.791,6.708,0.434853906,0.565146094,5.0, fait,127.0,132.0,132.0,P,1
23,P01C6E2,C6,expositif,0.0,1.0,272.471,0.047,4.212,4.259,0.011035454,0.988964546,1.0,:,132.0,133.0,133.0,P,1
24,P01C6E2,C6,expositif,0.0,1.0,276.044,3.619,3.526,7.145,0.506508048,0.493491952,8.0, des ble,133.0,141.0,141.0,P,1
31,P01C6E2,C6,expositif,0.0,1.0,313.469,9.391,14.134,23.525,0.399192349,0.600807651,35.0,peut être des ports si la bagarres ,146.0,181.0,181.0,P,3
37,P01C6E2,C6,expositif,0.0,1.0,360.144,4.93,7.66,12.59,0.39158062,0.60841938,14.0, ou des encore,240.0,254.0,254.0,P,1
39,P01C6E2,C6,expositif,0.0,1.0,371.22,1.03,3.635,4.665,0.22079314,0.77920686,6.0,enrage,260.0,266.0,266.0,P,1
41,P01C6E2,C6,expositif,0.0,1.0,377.913,0.062,4.197,4.259,0.014557408,0.985442592,1.0,é,265.0,266.0,266.0,P,1
42,P01C6E2,C6,expositif,0.0,1.0,380.081,0.062,2.106,2.168,0.028597786,0.971402214,1.0,s,266.0,267.0,267.0,P,1
43,P01C6E2,C6,expositif,0.0,1.0,383.061,5.085,2.918,8.003,0.63538673,0.36461327,16.0, de savoir fait ,267.0,283.0,283.0,P,1
44,P01C6E2,C6,expositif,0.0,1.0,391.313,2.995,3.167,6.162,0.486043492,0.513956508,13.0,taper dessus ,283.0,296.0,296.0,P,1
47,P01C6E2,C6,expositif,0.0,1.0,408.036,0.406,5.569,5.975,0.067949791,0.932050209,3.0,et ,315.0,318.0,318.0,P,1
48,P01C6E2,C6,expositif,0.0,1.0,413.543,1.498,5.101,6.599,0.227004092,0.772995908,6.0,ainsi ,318.0,324.0,324.0,P,1
52,P01C6E2,C6,expositif,0.0,1.0,431.437,0.031,3.979,4.01,0.007730673,0.992269327,1.0,.,333.0,334.0,334.0,P,1
55,P01C6E2,C6,expositif,0.0,1.0,474.243,0.343,39.14,39.483,0.008687283,0.991312717,1.0,m,161.0,199.0,333.0,R,4
56,P01C6E2,C6,expositif,0.0,1.0,481.747,2.979,7.161,10.14,0.293786982,0.706213018,11.0, mais c'est,199.0,210.0,344.0,R,1
59,P01C6E2,C6,expositif,0.0,1.0,493.962,2.34,2.325,4.665,0.501607717,0.498392283,10.0,encore heu,228.0,238.0,372.0,R,1
62,P01C6E2,C6,expositif,0.0,1.0,524.101,1.747,19.438,21.185,0.082464008,0.917535992,9.0, aussi tr,357.0,366.0,385.0,R,3
65,P01C6E2,C6,expositif,0.0,1.0,576.127,7.551,43.087,50.638,0.149117264,0.850882736,28.0, et puis je vais essayer de ,398.0,426.0,426.0,P,4
73,P01C6E2,C6,expositif,0.0,1.0,625.673,3.526,9.984,13.51,0.260991858,0.739008142,12.0,se bagarrer ,460.0,472.0,472.0,P,1
79,P01C6E2,C6,expositif,0.0,1.0,655.891,2.293,4.727,7.02,0.326638177,0.673361823,11.0,quand on a ,474.0,485.0,485.0,P,1
80,P01C6E2,C6,expositif,0.0,1.0,667.825,3.307,9.641,12.948,0.25540624,0.74459376,10.0,la simplic,485.0,495.0,495.0,P,1
88,P01C6E2,C6,expositif,0.0,1.0,724.64,0.063,2.823,2.886,0.021829522,0.978170478,1.0,P,554.0,555.0,555.0,P,1
90,P01C6E2,C6,expositif,0.0,1.0,732.628,0.062,3.807,3.869,0.016024813,0.983975187,1.0,a,555.0,569.0,569.0,R,1
91,P01C6E2,C6,expositif,0.0,1.0,735.67,0.795,2.98,3.775,0.210596026,0.789403974,4.0,pas ,569.0,573.0,573.0,P,1
96,P01C6E2,C6,expositif,0.0,1.0,772.189,1.358,18.064,19.422,0.069920708,0.930079292,5.0,Alord,573.0,578.0,578.0,P,3
100,P01C6E2,C6,expositif,0.0,1.0,799.708,0.312,2.371,2.683,0.116287738,0.883712262,2.0,. ,554.0,556.0,556.0,P,1
107,P01C6E2,C6,expositif,0.0,1.0,823.171,1.544,2.231,3.775,0.409006623,0.590993377,8.0,tape pas,564.0,572.0,572.0,P,1
109,P01C6E2,C6,expositif,0.0,1.0,828.521,12.231,2.184,14.415,0.848491155,0.151508845,35.0,.Alors dites comme moi la violence ,572.0,607.0,607.0,R,3
115,P01C6N1,C6,narratif,0.0,1.0,121.883,0.827,3.322,4.149,0.199325139,0.800674861,4.0,entr,14.0,18.0,18.0,P,1
116,P01C6N1,C6,narratif,0.0,1.0,125.019,0.063,2.309,2.372,0.026559865,0.973440135,1.0,é,18.0,19.0,19.0,P,1
118,P01C6N1,C6,narratif,0.0,1.0,134.941,2.745,2.247,4.992,0.549879808,0.450120192,12.0,une semaine ,32.0,44.0,44.0,P,1
123,P01C6N1,C6,narratif,0.0,1.0,169.667,2.948,6.693,9.641,0.305777409,0.694222591,11.0,de violente,96.0,107.0,107.0,P,1
124,P01C6N1,C6,narratif,0.0,1.0,174.877,0.234,2.262,2.496,0.09375,0.90625,2.0,s ,107.0,109.0,109.0,P,1
131,P01C6N1,C6,narratif,0.0,1.0,241.193,2.824,29.001,31.825,0.088735271,0.911264729,4.0,ces ,109.0,110.0,130.0,R,4
139,P01C6N1,C6,narratif,0.0,1.0,302.314,8.346,28.08,36.426,0.229122056,0.770877944,29.0,Les personnes qui se battait ,164.0,193.0,193.0,P,4
142,P01C6N1,C6,narratif,0.0,1.0,330.363,5.273,5.475,10.748,0.490602903,0.509397097,15.0,se n'est comme ,223.0,238.0,238.0,P,1
146,P01C6N1,C6,narratif,0.0,1.0,366.321,2.746,14.742,17.488,0.157021958,0.842978042,6.0, même ,163.0,169.0,284.0,R,3
150,P01C6N1,C6,narratif,0.0,1.0,394.355,0.062,15.413,15.475,0.004006462,0.995993538,1.0,M,283.0,284.0,284.0,P,1
154,P01C6N1,C6,narratif,0.0,1.0,423.106,4.867,6.537,11.404,0.426780077,0.573219923,8.0, si ils ,303.0,295.0,295.0,R,1
156,P01C6N1,C6,narratif,0.0,1.0,437.536,0.624,3.011,3.635,0.171664374,0.828335626,2.0,il,311.0,313.0,313.0,P,1
158,P01C6N1,C6,narratif,0.0,1.0,445.398,7.878,3.9,11.778,0.668874172,0.331125828,29.0,faut se parler pas se battre ,314.0,343.0,343.0,P,1
160,P01C6N1,C6,narratif,0.0,1.0,471.997,0.078,10.858,10.936,0.007132407,0.992867593,1.0,r,371.0,372.0,372.0,P,1
165,P01C6N1,C6,narratif,0.0,1.0,483.821,1.607,2.043,3.65,0.440273973,0.559726027,1.0,d,376.0,377.0,377.0,P,1
175,P01C6N1,C6,narratif,0.0,1.0,523.477,6.38,5.195,11.575,0.551187905,0.448812095,27.0,ou juste a montrer qui est ,408.0,435.0,435.0,P,1
181,P01C6N1,C6,narratif,0.0,1.0,576.08,4.743,11.809,16.552,0.286551474,0.713448526,8.0,si vous ,470.0,478.0,478.0,P,3
188,P01C6N1,C6,narratif,0.0,1.0,608.341,2.528,2.87,5.398,0.468321601,0.531678399,8.0,cempirer,513.0,521.0,521.0,P,1
189,P01C6N1,C6,narratif,0.0,1.0,612.959,3.011,2.09,5.101,0.590276416,0.409723584,11.0, les choses,521.0,532.0,532.0,P,1
193,P01C6N1,C6,narratif,0.0,1.0,696.669,1.264,14.274,15.538,0.081348951,0.918651049,5.0,cagra,514.0,519.0,531.0,R,1
195,P01C6N1,C6,narratif,0.0,1.0,701.802,1.076,2.122,3.198,0.336460288,0.663539712,2.0,r ,522.0,523.0,535.0,R,1
197,P01C6N1,C6,narratif,0.0,1.0,719.835,11.435,10.421,21.856,0.523197291,0.476802709,39.0,Qui trouve que de se battre c'est bien ,534.0,573.0,573.0,P,3
198,P01C6N1,C6,narratif,0.0,1.0,733.751,1.622,2.481,4.103,0.395320497,0.604679503,8.0,personne,573.0,581.0,581.0,P,1
202,P01C6N1,C6,narratif,0.0,1.0,748.852,4.711,3.183,7.894,0.596782366,0.403217634,11.0,l faut arre,592.0,600.0,600.0,RB,1
203,P01C6N1,C6,narratif,0.0,1.0,756.511,1.248,2.948,4.196,0.29742612,0.70257388,3.0,ter,600.0,603.0,603.0,P,1
205,P01C6N1,C6,narratif,0.0,1.0,763.859,1.607,3.089,4.696,0.342206133,0.657793867,7.0,bagarre,610.0,617.0,617.0,P,1
209,P01C6N1,C6,narratif,0.0,1.0,776.136,1.201,2.512,3.713,0.32345812,0.67654188,4.0,'un ,630.0,634.0,634.0,P,1
217,P01C6N1,C6,narratif,0.0,1.0,807.445,2.138,2.199,4.337,0.492967489,0.507032511,8.0,en plus ,637.0,645.0,645.0,R,1
220,P01C6N1,C6,narratif,0.0,1.0,824.933,0.702,2.667,3.369,0.208370436,0.791629564,1.0,é,658.0,658.0,658.0,R,1
221,P01C6N1,C6,narratif,0.0,1.0,829.114,1.31,3.479,4.789,0.273543537,0.726456463,3.0, çà,658.0,661.0,661.0,R,1
222,P01C6N1,C6,narratif,0.0,1.0,832.764,16.724,2.34,19.064,0.87725556,0.12274444,62.0, il a que les grands qui cherchent la bagarre encore une reson,661.0,723.0,723.0,R,3
226,P01C6N1,C6,narratif,0.0,1.0,877.927,15.506,14.165,29.671,0.522597823,0.477402177,46.0,c'est juste pour montrer qui est le plus fort ,752.0,732.0,798.0,R,3
230,P01C6N1,C6,narratif,0.0,1.0,968.08,0.92,2.091,3.011,0.30554633,0.69445367,3.0, . ,470.0,473.0,800.0,R,1
232,P01C6N1,C6,narratif,0.0,1.0,1003.227,3.588,32.714,36.302,0.09883753,0.90116247,10.0,ou regler ,801.0,811.0,811.0,P,4
234,P01C6N1,C6,narratif,0.0,1.0,1025.316,4.993,3.073,8.066,0.619018101,0.380981899,2.0,er,855.0,843.0,850.0,P,1
235,P01C6N1,C6,narratif,0.0,1.0,1035.706,3.931,5.397,9.328,0.421419383,0.578580617,16.0, il faut parler ,843.0,859.0,866.0,R,1
237,P01C6N1,C6,narratif,0.0,1.0,1047.593,2.309,3.354,5.663,0.407734416,0.592265584,10.0, pas taper,858.0,868.0,868.0,P,1
239,P01CE2E2,CE2,expositif,0.0,1.0,167.623,5.273,4.087,9.36,0.563354701,0.436645299,6.0,pense ,3.0,9.0,9.0,P,1
240,P01CE2E2,CE2,expositif,0.0,1.0,198.511,32.261,25.615,57.876,0.557415855,0.442584145,9.0,se qu'il ,9.0,15.0,15.0,P,0
241,P01CE2E2,CE2,expositif,0.0,1.0,236.747,0.983,5.975,6.958,0.141276229,0.858723771,2.0,y ,15.0,17.0,17.0,P,1
242,P01CE2E2,CE2,expositif,0.0,1.0,241.677,2.044,3.947,5.991,0.341178434,0.658821566,1.0,a,17.0,18.0,18.0,P,1
243,P01CE2E2,CE2,expositif,0.0,1.0,249.742,0.078,6.021,6.099,0.012788982,0.987211018,1.0,t,18.0,19.0,19.0,P,1
244,P01CE2E2,CE2,expositif,0.0,1.0,258.697,17.441,8.877,26.318,0.662702333,0.337297667,9.0, trop de ,19.0,27.0,27.0,P,3
245,P01CE2E2,CE2,expositif,0.0,1.0,292.892,29.016,16.754,45.77,0.633952371,0.366047629,1.0,E,27.0,26.0,26.0,P,0
248,P01CE2E2,CE2,expositif,0.0,1.0,354.419,0.281,8.877,9.158,0.030683555,0.969316445,2.0,DE,24.0,26.0,26.0,P,1
249,P01CE2E2,CE2,expositif,0.0,1.0,378.911,0.718,24.211,24.929,0.028801797,0.971198203,2.0,de,26.0,26.0,26.0,RB,4
250,P01CE2E2,CE2,expositif,0.0,1.0,386.415,5.897,6.786,12.683,0.464953087,0.535046913,7.0, bagare,26.0,33.0,33.0,P,1
251,P01CE2E2,CE2,expositif,0.0,1.0,396.648,0.156,4.336,4.492,0.034728406,0.965271594,1.0,s,33.0,34.0,34.0,P,1
252,P01CE2E2,CE2,expositif,0.0,1.0,411.453,0.078,14.649,14.727,0.005296394,0.994703606,1.0,s,23.0,35.0,35.0,R,1
254,P01CE2E2,CE2,expositif,0.0,1.0,462.824,31.465,44.538,76.003,0.413996816,0.586003184,28.0,par ce que les grand et les ,36.0,57.0,64.0,P,2
255,P01CE2E2,CE2,expositif,0.0,1.0,500.748,0.093,6.459,6.552,0.014194139,0.985805861,1.0,s,56.0,65.0,65.0,RB,1
256,P01CE2E2,CE2,expositif,0.0,1.0,508.158,14.399,7.317,21.716,0.663059495,0.336940505,13.0,petits ne s'a,65.0,78.0,78.0,P,3
257,P01CE2E2,CE2,expositif,0.0,1.0,527.486,0.25,4.929,5.179,0.048271867,0.951728133,2.0,cc,78.0,80.0,80.0,P,1
258,P01CE2E2,CE2,expositif,0.0,1.0,542.525,3.37,14.789,18.159,0.185582907,0.814417093,4.0,orde,80.0,84.0,84.0,P,3
259,P01CE2E2,CE2,expositif,0.0,1.0,553.086,5.023,7.191,12.214,0.411249386,0.588750614,4.0, pas,84.0,88.0,88.0,P,1
260,P01CE2E2,CE2,expositif,0.0,1.0,566.736,4.743,8.627,13.37,0.354749439,0.645250561,3.0, il,88.0,91.0,91.0,P,1
261,P01CE2E2,CE2,expositif,0.0,1.0,633.395,40.998,61.916,102.914,0.398371456,0.601628544,21.0, y a trops de bagare ,91.0,112.0,112.0,P,2
262,P01CE2E2,CE2,expositif,0.0,1.0,680.102,8.128,5.709,13.837,0.587410566,0.412589434,5.0,chez ,112.0,117.0,117.0,P,1
263,P01CE2E2,CE2,expositif,0.0,1.0,693.612,8.502,5.382,13.884,0.612359551,0.387640449,10.0,les grands,117.0,112.0,127.0,P,1
264,P01CE2E2,CE2,expositif,0.0,1.0,708.838,0.218,6.724,6.942,0.031403054,0.968596946,1.0,s,111.0,128.0,128.0,R,1
265,P01CE2E2,CE2,expositif,0.0,1.0,713.143,26.864,4.087,30.951,0.86795257,0.13204743,25.0, il y a trop de bagares c,128.0,153.0,153.0,P,0
266,P01CE2E2,CE2,expositif,0.0,1.0,743.969,16.021,3.962,19.983,0.801731472,0.198268528,15.0,hez les petits ,153.0,168.0,168.0,P,3
272,P01CE2E2,CE2,expositif,0.0,1.0,869.347,0.156,21.06,21.216,0.007352941,0.992647059,1.0,.,168.0,169.0,169.0,P,3
274,P01CE2E2,CE2,expositif,0.0,1.0,883.761,11.545,4.352,15.897,0.726237655,0.273762345,9.0,Je pense ,169.0,178.0,178.0,R,3
275,P01CE2E2,CE2,expositif,0.0,1.0,906.99,22.558,11.684,34.242,0.658781613,0.341218387,20.0,que nous les grands ,178.0,198.0,198.0,P,0
276,P01CE2E2,CE2,expositif,0.0,1.0,935.398,7.285,5.85,13.135,0.554625048,0.445374952,6.0,ont de,198.0,204.0,204.0,P,1
277,P01CE2E2,CE2,expositif,0.0,1.0,947.176,34.071,4.493,38.564,0.883492376,0.116507624,23.0,vrait montrer l'exemple,204.0,227.0,227.0,P,0
278,P01CE2E2,CE2,expositif,0.0,1.0,986.207,0.141,4.96,5.101,0.027641639,0.972358361,1.0,.,227.0,228.0,228.0,P,1
279,P01CE2E2,CE2,expositif,0.0,1.0,1020.886,0.156,34.538,34.694,0.004496455,0.995503545,1.0,J,228.0,229.0,229.0,P,4
280,P01CE2E2,CE2,expositif,0.0,1.0,1025.145,3.557,4.103,7.66,0.464360313,0.535639687,4.0,uste,229.0,233.0,233.0,P,1
281,P01CE2E2,CE2,expositif,0.0,1.0,1033.382,13.759,4.68,18.439,0.74619014,0.25380986,10.0,ment on de,233.0,243.0,243.0,P,3
282,P01CE2E2,CE2,expositif,0.0,1.0,1065.643,12.605,18.502,31.107,0.40521426,0.59478574,15.0,vrait les aider,243.0,258.0,258.0,P,3
283,P01CE2E2,CE2,expositif,0.0,1.0,1082.32,2.792,4.072,6.864,0.406759907,0.593240093,4.0, au ,258.0,262.0,262.0,P,1
284,P01CE2E2,CE2,expositif,0.0,1.0,1089.854,9.314,4.742,14.056,0.662635174,0.337364826,13.0,de se bagarer,262.0,275.0,275.0,P,3
285,P01CE2E2,CE2,expositif,0.0,1.0,1107.904,0.187,8.736,8.923,0.020957077,0.979042923,1.0,.,275.0,276.0,276.0,P,1
286,P01CE2E2,CE2,expositif,0.0,1.0,1120.399,19.017,12.308,31.325,0.607086991,0.392913009,13.0,lieu de se ba,276.0,275.0,275.0,RB,3
288,P01CE2N1,CE2,narratif,0.0,1.0,286.028,2.231,5.522,7.753,0.287759577,0.712240423,4.0, se ,2.0,6.0,6.0,R,1
289,P01CE2N1,CE2,narratif,0.0,1.0,292.393,3.525,4.134,7.659,0.460242852,0.539757148,7.0,passer ,6.0,13.0,13.0,R,1
291,P01CE2N1,CE2,narratif,0.0,1.0,328.679,12.589,6.818,19.407,0.648683465,0.351316535,4.0,'et ,5.0,5.0,5.0,R,3
292,P01CE2N1,CE2,narratif,0.0,1.0,346.307,48.407,5.039,53.446,0.905717921,0.094282079,18.0,ait la dérnière ré,5.0,22.0,22.0,R,0
293,P01CE2N1,CE2,narratif,0.0,1.0,399.16,17.597,4.446,22.043,0.798303316,0.201696684,10.0,création  ,22.0,32.0,32.0,P,3
295,P01CE2N1,CE2,narratif,0.0,1.0,508.563,2.793,39.717,42.51,0.065702188,0.934297812,4.0,une ,32.0,36.0,36.0,P,4
296,P01CE2N1,CE2,narratif,0.0,1.0,517.393,37.425,6.037,43.462,0.86109705,0.13890295,23.0,personne etait au gool ,36.0,59.0,59.0,P,0
299,P01CE2N1,CE2,narratif,0.0,1.0,665.298,14.882,62.557,77.439,0.192177068,0.807822932,13.0,une personne ,31.0,44.0,44.0,P,2
301,P01CE2N1,CE2,narratif,0.0,1.0,726.372,2.668,16.411,19.079,0.139839614,0.860160386,1.0,é,3.0,44.0,44.0,R,3
302,P01CE2N1,CE2,narratif,0.0,1.0,739.819,15.413,10.779,26.192,0.588462126,0.411537874,14.0,était au gool ,44.0,58.0,58.0,P,3
303,P01CE2N1,CE2,narratif,0.0,1.0,760.349,2.652,5.117,7.769,0.341356674,0.658643326,4.0,puis,58.0,62.0,62.0,P,1
304,P01CE2N1,CE2,narratif,0.0,1.0,768.617,2.558,5.616,8.174,0.312943479,0.687056521,2.0, u,62.0,64.0,64.0,P,1
305,P01CE2N1,CE2,narratif,0.0,1.0,776.573,1.591,5.398,6.989,0.22764344,0.77235656,3.0,ne ,64.0,67.0,67.0,P,1
306,P01CE2N1,CE2,narratif,0.0,1.0,782.907,7.472,4.743,12.215,0.611706918,0.388293082,9.0,personne ,67.0,76.0,76.0,P,1
307,P01CE2N1,CE2,narratif,0.0,1.0,811.221,14.102,20.842,34.944,0.403559982,0.596440018,15.0,lui demande je ,76.0,91.0,91.0,P,4
308,P01CE2N1,CE2,narratif,0.0,1.0,833.981,14.275,8.658,22.933,0.622465443,0.377534557,16.0,pe aller au gool,91.0,107.0,107.0,P,3
309,P01CE2N1,CE2,narratif,0.0,1.0,892.232,12.309,43.976,56.285,0.218690593,0.781309407,8.0, non j'y,107.0,115.0,115.0,P,4
310,P01CE2N1,CE2,narratif,0.0,1.0,912.372,18.377,7.831,26.208,0.701198107,0.298801893,8.0, était a,115.0,123.0,123.0,P,3
311,P01CE2N1,CE2,narratif,0.0,1.0,934.805,5.382,4.056,9.438,0.570247934,0.429752066,5.0,vant ,123.0,128.0,128.0,P,1
312,P01CE2N1,CE2,narratif,0.0,1.0,947.176,2.059,6.989,9.048,0.227564103,0.772435897,3.0,toi,128.0,131.0,131.0,P,1
314,P01CE2N1,CE2,narratif,0.0,1.0,1023.538,0.156,68.375,68.531,0.002276342,0.997723658,1.0,u,93.0,94.0,133.0,R,2
317,P01CE2N1,CE2,narratif,0.0,1.0,1047.172,32.183,14.664,46.847,0.686981023,0.313018977,20.0,mais ils ton mis un ,133.0,153.0,153.0,P,0
318,P01CE2N1,CE2,narratif,0.0,1.0,1093.38,4.399,14.025,18.424,0.238764655,0.761235345,4.0,but ,153.0,157.0,157.0,P,3
319,P01CE2N1,CE2,narratif,0.0,1.0,1109.167,0.109,11.388,11.497,0.009480734,0.990519266,1.0,m,157.0,158.0,158.0,P,1
321,P01CE2N1,CE2,narratif,0.0,1.0,1159.977,0.655,9.719,10.374,0.063138616,0.936861384,1.0,â,158.0,159.0,159.0,P,1
323,P01CE2N1,CE2,narratif,0.0,1.0,1169.103,20.966,4.072,25.038,0.837367202,0.162632798,20.0,ême je reste au gool,158.0,178.0,178.0,P,3
325,P01CE2N1,CE2,narratif,0.0,1.0,1200.662,15.99,5.788,21.778,0.734227202,0.265772798,14.0,non ci non ci ,179.0,193.0,193.0,P,3
326,P01CE2N1,CE2,narratif,0.0,1.0,1222.237,13.416,5.585,19.001,0.706068102,0.293931898,13.0,et il se bous,193.0,206.0,206.0,P,3
327,P01CE2N1,CE2,narratif,0.0,1.0,1241.3,0.796,5.647,6.443,0.123544932,0.876455068,2.0,cu,206.0,208.0,208.0,P,1
328,P01CE2N1,CE2,narratif,0.0,1.0,1250.286,2.153,8.19,10.343,0.208160108,0.791839892,4.0,ler ,208.0,212.0,212.0,P,1
329,P01CE2N1,CE2,narratif,0.0,1.0,1256.791,12.605,4.352,16.957,0.743350829,0.256649171,15.0,et il se taper ,212.0,227.0,227.0,P,3
330,P01CE2N1,CE2,narratif,0.0,1.0,1275.745,15.413,6.349,21.762,0.708252918,0.291747082,14.0,puis un instit,227.0,241.0,241.0,P,3
331,P01CE2N1,CE2,narratif,0.0,1.0,1308.474,4.852,17.316,22.168,0.218874053,0.781125947,4.0, vu ,241.0,245.0,245.0,P,3
332,P01CE2N1,CE2,narratif,0.0,1.0,1319.644,24.211,6.318,30.529,0.793049232,0.206950768,1.0,A,246.0,246.0,246.0,P,0
333,P01CE2N1,CE2,narratif,0.0,1.0,1348.208,19.702,4.353,24.055,0.819039701,0.180960299,11.0,nthoni et I,246.0,257.0,257.0,R,3
334,P01CE2N1,CE2,narratif,0.0,1.0,1374.572,3.51,6.662,10.172,0.345064884,0.654935116,4.0,saac,257.0,261.0,261.0,P,1
335,P01CE2N1,CE2,narratif,0.0,1.0,1385.695,31.543,7.613,39.156,0.805572581,0.194427419,19.0,s se bagarer il leu,261.0,280.0,280.0,P,0
336,P01CE2N1,CE2,narratif,0.0,1.0,1421.434,12.34,4.196,16.536,0.746250605,0.253749395,10.0,r demande ,280.0,290.0,290.0,P,3
337,P01CE2N1,CE2,narratif,0.0,1.0,1438.517,2.043,4.743,6.786,0.301061008,0.698938992,4.0,pour,290.0,294.0,294.0,P,1
338,P01CE2N1,CE2,narratif,0.0,1.0,1449.546,23.104,8.986,32.09,0.71997507,0.28002493,23.0,quoi vous vous bagarer ,294.0,317.0,317.0,P,0
339,P01CE2N1,CE2,narratif,0.0,1.0,1479.498,0.234,6.848,7.082,0.033041514,0.966958486,1.0,I,317.0,318.0,318.0,P,1
340,P01CE2N1,CE2,narratif,0.0,1.0,1489.373,2.09,9.641,11.731,0.17816043,0.82183957,1.0,.,318.0,317.0,317.0,RB,1
342,P01CM2E2,CM2,expositif,0.0,7.0,148.295,14.757,13.838,28.595,0.516069243,0.483930757,12.0,a violnse a ,1.0,13.0,13.0,RB,3
343,P01CM2E2,CM2,expositif,0.0,7.0,166.921,10.842,3.869,14.711,0.736999524,0.263000476,10.0,l'école es,13.0,23.0,23.0,P,3
344,P01CM2E2,CM2,expositif,0.0,7.0,187.201,0.375,9.438,9.813,0.038214613,0.961785387,2.0,t ,23.0,25.0,25.0,P,1
345,P01CM2E2,CM2,expositif,0.0,7.0,192.131,15.194,4.555,19.749,0.76935541,0.23064459,10.0,quelquecho,25.0,32.0,35.0,P,3
347,P01CM2E2,CM2,expositif,0.0,7.0,221.256,21.06,4.43,25.49,0.826206355,0.173793645,21.0,se de très dangereux.,36.0,57.0,57.0,P,3
348,P01CM2E2,CM2,expositif,0.0,7.0,249.836,8.595,7.52,16.115,0.533354018,0.466645982,9.0,pour avoi,57.0,66.0,66.0,P,3
349,P01CM2E2,CM2,expositif,0.0,7.0,262.565,22.511,4.134,26.645,0.84484894,0.15515106,21.0,r moin de violance a ,66.0,87.0,87.0,P,3
350,P01CM2E2,CM2,expositif,0.0,7.0,289.631,15.086,4.555,19.641,0.768087165,0.231912835,10.0,l'école il,87.0,97.0,97.0,P,3
351,P01CM2E2,CM2,expositif,0.0,7.0,315.918,27.487,11.201,38.688,0.710478701,0.289521299,17.0, faudrè que dès q,97.0,114.0,114.0,P,0
352,P01CM2E2,CM2,expositif,0.0,7.0,351.876,3.728,8.471,12.199,0.30559882,0.69440118,5.0,ue il,114.0,117.0,119.0,P,1
353,P01CM2E2,CM2,expositif,0.0,7.0,375.432,9.844,19.828,29.672,0.331760582,0.668239418,9.0,quelquen ,117.0,126.0,126.0,RB,3
354,P01CM2E2,CM2,expositif,0.0,7.0,396.679,6.412,11.403,17.815,0.359921415,0.640078585,7.0,nous em,126.0,133.0,133.0,RB,3
355,P01CM2E2,CM2,expositif,0.0,7.0,408.738,5.211,5.647,10.858,0.479922638,0.520077362,4.0,bète,133.0,137.0,137.0,P,1
356,P01CM2E2,CM2,expositif,0.0,7.0,420.204,15.6,6.255,21.855,0.71379547,0.28620453,20.0, essailler de voire ,137.0,157.0,157.0,P,3
357,P01CM2E2,CM2,expositif,0.0,7.0,439.892,1.794,4.088,5.882,0.3049983,0.6950017,4.0,les ,157.0,161.0,161.0,P,1
358,P01CM2E2,CM2,expositif,0.0,7.0,446.225,15.507,4.539,20.046,0.773570787,0.226429213,11.0,consé quand,161.0,172.0,172.0,P,3
359,P01CM2E2,CM2,expositif,0.0,7.0,475.834,11.7,14.102,25.802,0.453453221,0.546546779,8.0,quences ,172.0,174.0,174.0,RB,3
360,P01CM2E2,CM2,expositif,0.0,7.0,492.152,12.402,4.618,17.02,0.72867215,0.27132785,9.0,dese qu'o,174.0,176.0,183.0,P,3
362,P01CM2E2,CM2,expositif,0.0,7.0,525.723,1.997,15.428,17.425,0.114605452,0.885394548,3.0,i v,182.0,185.0,185.0,RB,3
363,P01CM2E2,CM2,expositif,0.0,7.0,532.26,9.906,4.54,14.446,0.685726153,0.314273847,12.0,as se passer,185.0,197.0,197.0,RB,3
364,P01CM2E2,CM2,expositif,0.0,7.0,549.311,1.45,7.145,8.595,0.168702734,0.831297266,3.0,si ,197.0,197.0,200.0,RB,1
366,P01CM2E2,CM2,expositif,0.0,7.0,573.132,5.694,8.861,14.555,0.391205771,0.608794229,7.0,on agie,201.0,208.0,208.0,RB,1
367,P01CM2E2,CM2,expositif,0.0,7.0,584.005,6.989,5.179,12.168,0.574375411,0.425624589,10.0,violament ,208.0,208.0,218.0,RB,1
369,P01CM2E2,CM2,expositif,0.0,7.0,611.399,3.822,11.591,15.413,0.247972491,0.752027509,1.0,.,219.0,191.0,219.0,RB,1
373,P01CM2E2,CM2,expositif,0.0,7.0,678.074,7.628,6.069,13.697,0.556910272,0.443089728,6.0,il fau,222.0,228.0,228.0,RB,1
374,P01CM2E2,CM2,expositif,0.0,7.0,695.749,5.631,10.047,15.678,0.35916571,0.64083429,7.0,audrai ,228.0,235.0,235.0,RB,3
375,P01CM2E2,CM2,expositif,0.0,7.0,705.873,5.476,4.493,9.969,0.549302839,0.450697161,2.0,t ,235.0,236.0,236.0,R,1
376,P01CM2E2,CM2,expositif,0.0,7.0,716.388,14.882,5.039,19.921,0.747050851,0.252949149,15.0,aler le dire sa,236.0,251.0,251.0,P,3
377,P01CM2E2,CM2,expositif,0.0,7.0,737.12,0.921,5.85,6.771,0.136021267,0.863978733,3.0,in ,251.0,254.0,254.0,P,1
378,P01CM2E2,CM2,expositif,0.0,7.0,743.813,8.471,5.772,14.243,0.594748297,0.405251703,6.0,rien a,254.0,260.0,260.0,P,3
379,P01CM2E2,CM2,expositif,0.0,7.0,757.697,1.31,5.413,6.723,0.194853488,0.805146512,3.0,voi,260.0,263.0,263.0,P,1
380,P01CM2E2,CM2,expositif,0.0,7.0,764.982,0.421,5.975,6.396,0.065822389,0.934177611,2.0,re,263.0,265.0,265.0,P,1
382,P01CM2E2,CM2,expositif,0.0,7.0,774.639,18.205,4.306,22.511,0.808715739,0.191284261,12.0,fait de mal ,266.0,278.0,278.0,P,3
383,P01CM2E2,CM2,expositif,0.0,7.0,799.209,4.82,6.365,11.185,0.430934287,0.569065713,7.0,et que ,278.0,285.0,285.0,P,1
384,P01CM2E2,CM2,expositif,0.0,7.0,807.914,3.962,3.885,7.847,0.504906334,0.495093666,6.0,celui ,285.0,291.0,291.0,P,1
385,P01CM2E2,CM2,expositif,0.0,7.0,817.461,6.318,5.585,11.903,0.530790557,0.469209443,4.0,qui ,291.0,295.0,295.0,P,1
386,P01CM2E2,CM2,expositif,0.0,7.0,829.036,11.622,5.257,16.879,0.6885479,0.3114521,4.0,en a,295.0,299.0,299.0,P,3
387,P01CM2E2,CM2,expositif,0.0,7.0,855.275,13.588,14.617,28.205,0.481758553,0.518241447,13.0,vait fait soi,299.0,312.0,312.0,P,3
388,P01CM2E2,CM2,expositif,0.0,7.0,879.752,3.557,10.889,14.446,0.246227329,0.753772671,5.0, puni,312.0,317.0,317.0,P,1
390,P01CM2E2,CM2,expositif,0.0,7.0,903.948,3.307,14.789,18.096,0.182747569,0.817252431,2.0,. ,318.0,320.0,320.0,P,3
391,P01CM2E2,CM2,expositif,0.0,7.0,911.81,47.05,4.555,51.605,0.911733359,0.088266641,31.0,mais tous le monded ne respecte,320.0,338.0,351.0,P,0
393,P01CM2E2,CM2,expositif,0.0,7.0,971.699,17.207,4.15,21.357,0.805684319,0.194315681,15.0, pas les règle.,350.0,324.0,365.0,RB,3
394,P01CM2E2,CM2,expositif,0.0,7.0,998.094,17.41,9.188,26.598,0.654560493,0.345439507,11.0, domage que,324.0,321.0,376.0,RB,3
397,P01CM2N1,CM2,narratif,0.0,7.0,343.14,19.375,7.504,26.879,0.720822947,0.279177053,6.0,l étai,3.0,7.0,7.0,RB,3
398,P01CM2N1,CM2,narratif,0.0,7.0,366.758,4.867,4.243,9.11,0.534248079,0.465751921,6.0,t une ,7.0,13.0,13.0,RB,1
399,P01CM2N1,CM2,narratif,0.0,7.0,378.037,15.195,6.412,21.607,0.703244319,0.296755681,5.0,fois ,13.0,18.0,18.0,RB,3
400,P01CM2N1,CM2,narratif,0.0,7.0,397.444,10.592,4.212,14.804,0.715482302,0.284517698,17.0,des filles taquin,18.0,35.0,35.0,P,3
401,P01CM2N1,CM2,narratif,0.0,7.0,412.03,5.46,3.994,9.454,0.577533319,0.422466681,6.0,er Jal,35.0,41.0,41.0,P,1
402,P01CM2N1,CM2,narratif,0.0,7.0,422.341,12.527,4.851,17.378,0.720853953,0.279146047,7.0,alédine,41.0,48.0,48.0,P,3
403,P01CM2N1,CM2,narratif,0.0,7.0,439.548,14.711,4.68,19.391,0.758650921,0.241349079,9.0, et il a ,48.0,57.0,57.0,P,3
404,P01CM2N1,CM2,narratif,0.0,7.0,459.314,15.381,5.055,20.436,0.752642396,0.247357604,9.0,été puni.,57.0,66.0,66.0,P,3
405,P01CM2N1,CM2,narratif,0.0,7.0,483.057,34.663,8.362,43.025,0.805647879,0.194352121,24.0,Il est partit dans le ha,68.0,90.0,90.0,P,0
406,P01CM2N1,CM2,narratif,0.0,7.0,522.042,7.815,4.322,12.137,0.643898822,0.356101178,3.0,ule,90.0,93.0,93.0,RB,1
407,P01CM2N1,CM2,narratif,0.0,7.0,534.381,0.063,4.524,4.587,0.013734467,0.986265533,1.0,.,93.0,94.0,94.0,P,1
408,P01CM2N1,CM2,narratif,0.0,7.0,539.857,6.614,5.413,12.027,0.549929326,0.450070674,10.0,les fille ,94.0,104.0,104.0,P,1
409,P01CM2N1,CM2,narratif,0.0,7.0,551.729,10.483,5.258,15.741,0.665967855,0.334032145,15.0,luis fesais des,104.0,95.0,119.0,P,3
410,P01CM2N1,CM2,narratif,0.0,7.0,570.542,1.716,8.33,10.046,0.170814254,0.829185746,1.0,L,94.0,119.0,119.0,R,1
411,P01CM2N1,CM2,narratif,0.0,7.0,578.732,30.67,6.474,37.144,0.825705363,0.174294637,23.0, grimasse derière la vi,119.0,142.0,142.0,P,0
412,P01CM2N1,CM2,narratif,0.0,7.0,623.941,3.744,14.539,18.283,0.204780397,0.795219603,3.0,tre,142.0,145.0,145.0,P,3
413,P01CM2N1,CM2,narratif,0.0,7.0,636.5,1.56,8.815,10.375,0.150361446,0.849638554,3.0, et,145.0,148.0,148.0,P,1
414,P01CM2N1,CM2,narratif,0.0,7.0,642.287,16.677,4.227,20.904,0.797789897,0.202210103,17.0,sa a mi en colère,148.0,148.0,165.0,P,3
417,P01CM2N1,CM2,narratif,0.0,7.0,685.484,34.445,10.171,44.616,0.772032455,0.227967545,30.0,donc il c' est lever et as mi ,167.0,196.0,197.0,P,0
418,P01CM2N1,CM2,narratif,0.0,7.0,733.688,14.711,13.759,28.47,0.516719354,0.483280646,20.0,esseiller de meitre ,196.0,214.0,215.0,RB,3
419,P01CM2N1,CM2,narratif,0.0,7.0,755.17,15.069,6.771,21.84,0.689972527,0.310027473,16.0,un gros coup de ,214.0,230.0,231.0,P,3
420,P01CM2N1,CM2,narratif,0.0,7.0,775.699,17.316,5.46,22.776,0.760273973,0.239726027,17.0,poit des la vitre,230.0,247.0,248.0,P,3
421,P01CM2N1,CM2,narratif,0.0,7.0,797.711,14.586,4.696,19.282,0.756456799,0.243543201,9.0,... mais ,247.0,217.0,257.0,P,3
425,P01CM2N1,CM2,narratif,0.0,7.0,847.257,12.558,4.15,16.708,0.751615992,0.248384008,8.0,maleureu,259.0,267.0,267.0,P,3
426,P01CM2N1,CM2,narratif,0.0,7.0,864.901,4.914,5.086,10.0,0.4914,0.5086,7.0,sement ,267.0,254.0,274.0,P,1
427,P01CM2N1,CM2,narratif,0.0,7.0,882.997,2.153,13.182,15.335,0.140397783,0.859602217,2.0, M,254.0,253.0,276.0,R,1
429,P01CM2N1,CM2,narratif,0.0,7.0,896.787,13.151,4.664,17.815,0.738198148,0.261801852,12.0,sa a marcher,274.0,286.0,286.0,P,3
430,P01CM2N1,CM2,narratif,0.0,7.0,914.899,30.327,4.961,35.288,0.859413965,0.140586035,24.0, est il c'est ouvers le ,286.0,310.0,310.0,P,0
431,P01CM2N1,CM2,narratif,0.0,7.0,950.296,3.775,5.07,8.845,0.426794799,0.573205201,4.0,bras,310.0,314.0,314.0,P,1
432,P01CM2N1,CM2,narratif,0.0,7.0,957.986,1.545,3.915,5.46,0.282967033,0.717032967,2.0, e,314.0,316.0,316.0,P,1
433,P01CM2N1,CM2,narratif,0.0,7.0,968.033,24.492,8.502,32.994,0.742316785,0.257683215,17.0,t l'ensségniant a,316.0,333.0,333.0,P,0
434,P01CM2N1,CM2,narratif,0.0,7.0,998.531,8.112,6.006,14.118,0.574585635,0.425414365,9.0,s appeler,333.0,342.0,342.0,P,1
435,P01CM2N1,CM2,narratif,0.0,7.0,1013.492,13.962,6.849,20.811,0.6708952,0.3291048,13.0, les pompier ,342.0,324.0,355.0,P,3
437,P01CM2N1,CM2,narratif,0.0,7.0,1041.182,13.463,7.582,21.045,0.6397244,0.3602756,16.0,moi et mes amie ,354.0,354.0,370.0,P,3
438,P01CM2N1,CM2,narratif,0.0,7.0,1069.512,4.695,14.867,19.562,0.240006134,0.759993866,7.0,et mois,363.0,370.0,370.0,RB,3
440,P01CM2N1,CM2,narratif,0.0,7.0,1089.277,1.841,8.377,10.218,0.180172245,0.819827755,4.0,ons ,371.0,373.0,375.0,RB,1
441,P01CM2N1,CM2,narratif,0.0,7.0,1098.965,8.205,7.847,16.052,0.511151258,0.488848742,5.0, cour,373.0,378.0,378.0,RB,3
442,P01CM2N1,CM2,narratif,0.0,7.0,1114.627,8.284,7.457,15.741,0.526268979,0.473731021,6.0,u pour,378.0,384.0,384.0,RB,3
443,P01CM2N1,CM2,narratif,0.0,7.0,1134.424,23.446,11.513,34.959,0.670671358,0.329328642,25.0, voir se quil se pessé et,384.0,409.0,409.0,RB,0
444,P01CM2N1,CM2,narratif,0.0,7.0,1162.239,26.442,4.369,30.811,0.858199994,0.141800006,11.0, Jalalédine,409.0,420.0,420.0,RB,0
445,P01CM2N1,CM2,narratif,0.0,7.0,1195.81,2.839,7.129,9.968,0.284811396,0.715188604,4.0, ple,420.0,424.0,424.0,RB,1
446,P01CM2N1,CM2,narratif,0.0,7.0,1203.314,5.475,4.665,10.14,0.539940828,0.460059172,4.0,urer,424.0,428.0,428.0,RB,1
447,P01CM2N1,CM2,narratif,0.0,7.0,1214.14,3.619,5.351,8.97,0.403455964,0.596544036,2.0, e,428.0,430.0,430.0,RB,1
448,P01CM2N1,CM2,narratif,0.0,7.0,1221.94,9.813,4.181,13.994,0.701229098,0.298770902,8.0,st les p,430.0,438.0,438.0,RB,3
449,P01CM2N1,CM2,narratif,0.0,7.0,1237.415,4.524,5.662,10.186,0.444139014,0.555860986,7.0,ompier ,438.0,445.0,445.0,RB,1
450,P01CM2N1,CM2,narratif,0.0,7.0,1245.855,17.987,3.916,21.903,0.821211706,0.178788294,6.0,été la,445.0,451.0,451.0,RB,3
451,P01CM2N1,CM2,narratif,0.0,7.0,1268.319,0.109,4.477,4.586,0.02376799,0.97623201,1.0,.,451.0,354.0,452.0,RB,1
452,P01CM2N1,CM2,narratif,0.0,7.0,1279.536,6.099,11.108,17.207,0.354448771,0.645551229,5.0,deux ,354.0,359.0,457.0,R,3
454,P01CM2N1,CM2,narratif,0.0,7.0,1299.27,9.547,4.306,13.853,0.689164802,0.310835198,6.0, deux ,354.0,458.0,458.0,R,3
455,P01CM2N1,CM2,narratif,0.0,7.0,1314.776,0.671,5.959,6.63,0.101206637,0.898793363,2.0,je,458.0,460.0,460.0,RB,1
457,P01CM2N1,CM2,narratif,0.0,7.0,1327.849,0.078,3.915,3.993,0.019534185,0.980465815,1.0,o,459.0,460.0,460.0,RB,1
458,P01CM2N1,CM2,narratif,0.0,7.0,1335.602,21.014,7.675,28.689,0.732475862,0.267524138,22.0,ur aprés il est revenu,460.0,482.0,482.0,RB,3
459,P01CM2N1,CM2,narratif,0.0,7.0,1361.686,0.171,5.07,5.241,0.032627361,0.967372639,1.0,a,482.0,483.0,483.0,RB,1
460,P01CM2N1,CM2,narratif,0.0,7.0,1368.16,2.465,6.303,8.768,0.281135949,0.718864051,2.0, a,483.0,484.0,484.0,RB,1
461,P01CM2N1,CM2,narratif,0.0,7.0,1375.289,11.544,4.664,16.208,0.712240869,0.287759131,8.0,vec un r,484.0,492.0,492.0,RB,3
462,P01CM2N1,CM2,narratif,0.0,7.0,1390.905,7.55,4.072,11.622,0.649630012,0.350369988,5.0,ubans,492.0,497.0,497.0,RB,1
463,P01CM2N1,CM2,narratif,0.0,7.0,1404.461,0.078,6.006,6.084,0.012820513,0.987179487,1.0,.,497.0,498.0,498.0,RB,1
465,P01CM2N1,CM2,narratif,0.0,7.0,1427.425,37.284,3.854,41.138,0.906315329,0.093684671,23.0,L'autre jours mons gran,498.0,521.0,521.0,RB,0
466,P01CM2N1,CM2,narratif,0.0,7.0,1469.701,0.343,4.992,5.335,0.064292409,0.935707591,2.0,s ,521.0,523.0,523.0,RB,1
467,P01CM2N1,CM2,narratif,0.0,7.0,1474.272,3.198,4.228,7.426,0.430649071,0.569350929,5.0,frère,523.0,528.0,528.0,RB,1
468,P01CM2N1,CM2,narratif,0.0,7.0,1483.71,5.195,6.24,11.435,0.454306952,0.545693048,3.0, m',528.0,531.0,531.0,RB,1
469,P01CM2N1,CM2,narratif,0.0,7.0,1493.132,3.807,4.227,8.034,0.47386109,0.52613891,5.0,a dit,531.0,536.0,536.0,RB,1
470,P01CM2N1,CM2,narratif,0.0,7.0,1500.87,23.525,3.931,27.456,0.856825466,0.143174534,13.0, que c'était ,536.0,549.0,549.0,RB,3
471,P01CM2N1,CM2,narratif,0.0,7.0,1528.685,13.806,4.29,18.096,0.762931034,0.237068966,11.0,son copain ,549.0,560.0,560.0,RB,3
472,P01CM2N1,CM2,narratif,0.0,7.0,1552.771,0.078,10.28,10.358,0.007530411,0.992469589,1.0,a,560.0,561.0,561.0,RB,1
473,P01CM2N1,CM2,narratif,0.0,7.0,1557.857,7.972,5.008,12.98,0.614175655,0.385824345,7.0,s vu Ja,561.0,528.0,568.0,RB,1
474,P01CM2N1,CM2,narratif,0.0,7.0,1578.215,0.125,12.386,12.511,0.009991208,0.990008792,1.0,(,528.0,529.0,569.0,RB,1
475,P01CM2N1,CM2,narratif,0.0,7.0,1586.468,26.66,8.128,34.788,0.766356215,0.233643785,20.0,un pompier)laledine ,529.0,589.0,589.0,RB,0
