[
  {
    "burstID" : 1,
    "clusterID" : 2,
    "burstLength" : 11.3,
    "pauseLength" : 2.3,
    "textContent" :
      [
        ["Your", "RL"],
        ["professor", "CN"],
        ["Nistor", "PN"],
        ["Grozavu", "PN"],
        ["is", "VRB"],
        ["member", "CN"],
        ["of", "RL"],
        ["the", "RL"],
        ["ETIS", "PN"],
        ["laboratory", "CN"],
        [".", "PRD"]
      ]
  },
  {
    "burstID" : 2,
    "clusterID" : 3,
    "burstLength" : 13.7,
    "pauseLength" : 1.2,
    "textContent" :
      [

        ["ETIS", "PN"],
        ["laboratory", "CN"],
        ["consist", "VRB"],
        ["of", "RL"],
        ["5", "MSC"],
        ["teams", "CN"],
        ["and", "RL"],
        ["has", "VRB"],
        ["150", "MSC"],
        ["researchers", "CN"],
        [".", "PRD"],
        ["Nistor", "PN"],
        ["main", "ADJ"],
        ["research", "CN"],
        ["work", "CN"]
      ]
  },
  {
    "burstID" : 3,
    "clusterID" : 1,
    "burstLength" : 7.8,
    "pauseLength" : 3.7,
    "textContent" :
      [
        ["is", "VRB"],
        ["data", "CN"],
        ["mining", "CN"],
        ["and", "RL"],
        ["machine", "CN"],
        ["learning", "CN"],
        [".", "PRD"]
      ]
  },
  {
    "burstID" : 4,
    "clusterID" : 2,
    "burstLength" : 9.3,
    "pauseLength" : 0,
    "textContent" :
      [
        ["Machine", "CN"],
        ["Learning", "CN"],
        ["is", "VRB"],
        ["also", "RL"],
        ["used", "VRB"],
        ["in", "RL"],
        ["Text", "CN"],
        ["Mining", "CN"],
        ["and", "RL"],
        ["words", "CN"],
        ["researching", "CN"],
        [".", "PRD"]
      ]
  }
]
